Sr. No.,Frame Material,Pane Material,Frame E [GPa],Frame K IC [MPa m^[1/2]],Frame alpha [1E-6/K],Frame k [W/m-K],Frame kappa [W m^2/J],Pane E [GPa],Pane K IC [MPa m^[1/2]],Pane alpha [1E-6/K],Pane k [W/m-K],Pane kappa [W m^2/J],Pane Area,Fillet Scale,Pane Depth,Frame Scale,Frame Safety Factor,Pane Safety Factor,Frame Fracture Factor,Pane Fracture Factor
1,C-C,Alumina,79.281,6.296124000000001,8.406,34.9258,2.1828625e-05,379.8594,4.197416,8.298,35.9632,1.3944413425150443e-05,0.01,0.25,0.01,0.95,0.238,0.092,0.435,0.064
2,C-C,Alumina,79.281,6.296124000000001,8.406,34.9258,2.1828625e-05,379.8594,4.197416,8.298,35.9632,1.3944413425150443e-05,0.01,0.5,0.01,0.95,0.233,0.091,0.433,0.062
3,C-C,Alumina,79.281,6.296124000000001,8.406,34.9258,2.1828625e-05,379.8594,4.197416,8.298,35.9632,1.3944413425150443e-05,0.01,0.25,0.01,0.975,0.219,0.085,0.685,0.064
4,C-C,Alumina,79.281,6.296124000000001,8.406,34.9258,2.1828625e-05,379.8594,4.197416,8.298,35.9632,1.3944413425150443e-05,0.01,0.5,0.01,0.975,0.213,0.084,0.456,0.066
5,C-C,Alumina,79.281,6.296124000000001,8.406,34.9258,2.1828625e-05,379.8594,4.197416,8.298,35.9632,1.3944413425150443e-05,0.1,0.25,0.01,0.95,0.119,0.069,0.043,0.024
6,C-C,Alumina,79.281,6.296124000000001,8.406,34.9258,2.1828625e-05,379.8594,4.197416,8.298,35.9632,1.3944413425150443e-05,0.1,0.5,0.01,0.95,0.118,0.069,0.048,0.025
7,C-C,Alumina,79.281,6.296124000000001,8.406,34.9258,2.1828625e-05,379.8594,4.197416,8.298,35.9632,1.3944413425150443e-05,0.1,0.25,0.01,0.975,0.097,0.051,0.038,0.026
8,C-C,Alumina,79.281,6.296124000000001,8.406,34.9258,2.1828625e-05,379.8594,4.197416,8.298,35.9632,1.3944413425150443e-05,0.1,0.5,0.01,0.975,0.095,0.051,0.03,0.024
9,C-C,Alumina,79.281,6.296124000000001,8.406,34.9258,2.1828625e-05,379.8594,4.197416,8.298,35.9632,1.3944413425150443e-05,0.1,0.25,0.025,0.95,0.269,0.107,0.454,0.073
10,C-C,Alumina,79.281,6.296124000000001,8.406,34.9258,2.1828625e-05,379.8594,4.197416,8.298,35.9632,1.3944413425150443e-05,0.1,0.5,0.025,0.95,0.262,0.105,0.536,0.072
11,C-C,Alumina,79.281,6.296124000000001,8.406,34.9258,2.1828625e-05,379.8594,4.197416,8.298,35.9632,1.3944413425150443e-05,0.1,0.25,0.025,0.975,0.25,0.098,0.692,0.073
12,C-C,Alumina,79.281,6.296124000000001,8.406,34.9258,2.1828625e-05,379.8594,4.197416,8.298,35.9632,1.3944413425150443e-05,0.1,0.5,0.025,0.975,0.241,0.095,0.482,0.076
13,C-C,SCFS,79.281,6.296124000000001,8.406,34.9258,2.1828625e-05,74.4552,0.670268,0.5706,1.4990430000000001,9.041468934186751e-07,0.01,0.25,0.01,0.95,0.911,0.29,0.696,0.032
14,C-C,SCFS,79.281,6.296124000000001,8.406,34.9258,2.1828625e-05,74.4552,0.670268,0.5706,1.4990430000000001,9.041468934186751e-07,0.01,0.5,0.01,0.95,0.925,0.266,0.637,0.031
15,C-C,SCFS,79.281,6.296124000000001,8.406,34.9258,2.1828625e-05,74.4552,0.670268,0.5706,1.4990430000000001,9.041468934186751e-07,0.01,0.25,0.01,0.975,0.866,0.263,0.493,0.03
16,C-C,SCFS,79.281,6.296124000000001,8.406,34.9258,2.1828625e-05,74.4552,0.670268,0.5706,1.4990430000000001,9.041468934186751e-07,0.01,0.5,0.01,0.975,0.888,0.296,0.436,0.032
17,C-C,SCFS,79.281,6.296124000000001,8.406,34.9258,2.1828625e-05,74.4552,0.670268,0.5706,1.4990430000000001,9.041468934186751e-07,0.1,0.25,0.01,0.95,1.007,0.366,1.357,0.041
18,C-C,SCFS,79.281,6.296124000000001,8.406,34.9258,2.1828625e-05,74.4552,0.670268,0.5706,1.4990430000000001,9.041468934186751e-07,0.1,0.5,0.01,0.95,1.008,0.326,1.208,0.04
19,C-C,SCFS,79.281,6.296124000000001,8.406,34.9258,2.1828625e-05,74.4552,0.670268,0.5706,1.4990430000000001,9.041468934186751e-07,0.1,0.25,0.01,0.975,1.0,0.323,0.707,0.039
20,C-C,SCFS,79.281,6.296124000000001,8.406,34.9258,2.1828625e-05,74.4552,0.670268,0.5706,1.4990430000000001,9.041468934186751e-07,0.1,0.5,0.01,0.975,1.029,0.35,0.767,0.04
21,C-C,SCFS,79.281,6.296124000000001,8.406,34.9258,2.1828625e-05,74.4552,0.670268,0.5706,1.4990430000000001,9.041468934186751e-07,0.1,0.25,0.025,0.95,0.995,0.319,0.873,0.034
22,C-C,SCFS,79.281,6.296124000000001,8.406,34.9258,2.1828625e-05,74.4552,0.670268,0.5706,1.4990430000000001,9.041468934186751e-07,0.1,0.5,0.025,0.95,1.015,0.299,0.801,0.035
23,C-C,SCFS,79.281,6.296124000000001,8.406,34.9258,2.1828625e-05,74.4552,0.670268,0.5706,1.4990430000000001,9.041468934186751e-07,0.1,0.25,0.025,0.975,0.945,0.289,0.522,0.034
24,C-C,SCFS,79.281,6.296124000000001,8.406,34.9258,2.1828625e-05,74.4552,0.670268,0.5706,1.4990430000000001,9.041468934186751e-07,0.1,0.5,0.025,0.975,0.963,0.317,0.486,0.035
25,C-C,RBSN,79.281,6.296124000000001,8.406,34.9258,2.1828625e-05,219.9186,1.988828,3.294,14.99043,6.412743839835729e-06,0.01,0.25,0.01,0.95,0.755,0.095,2.751,0.055
26,C-C,RBSN,79.281,6.296124000000001,8.406,34.9258,2.1828625e-05,219.9186,1.988828,3.294,14.99043,6.412743839835729e-06,0.01,0.5,0.01,0.95,0.733,0.092,1.378,0.052
27,C-C,RBSN,79.281,6.296124000000001,8.406,34.9258,2.1828625e-05,219.9186,1.988828,3.294,14.99043,6.412743839835729e-06,0.01,0.25,0.01,0.975,0.84,0.096,0.0,0.058
28,C-C,RBSN,79.281,6.296124000000001,8.406,34.9258,2.1828625e-05,219.9186,1.988828,3.294,14.99043,6.412743839835729e-06,0.01,0.5,0.01,0.975,0.753,0.097,1.918,0.057
29,C-C,RBSN,79.281,6.296124000000001,8.406,34.9258,2.1828625e-05,219.9186,1.988828,3.294,14.99043,6.412743839835729e-06,0.1,0.25,0.01,0.95,0.735,0.102,1.338,0.074
30,C-C,RBSN,79.281,6.296124000000001,8.406,34.9258,2.1828625e-05,219.9186,1.988828,3.294,14.99043,6.412743839835729e-06,0.1,0.5,0.01,0.95,0.736,0.101,1.421,0.071
31,C-C,RBSN,79.281,6.296124000000001,8.406,34.9258,2.1828625e-05,219.9186,1.988828,3.294,14.99043,6.412743839835729e-06,0.1,0.25,0.01,0.975,0.729,0.099,1.275,0.068
32,C-C,RBSN,79.281,6.296124000000001,8.406,34.9258,2.1828625e-05,219.9186,1.988828,3.294,14.99043,6.412743839835729e-06,0.1,0.5,0.01,0.975,0.723,0.103,1.162,0.071
33,C-C,RBSN,79.281,6.296124000000001,8.406,34.9258,2.1828625e-05,219.9186,1.988828,3.294,14.99043,6.412743839835729e-06,0.1,0.25,0.025,0.95,0.814,0.106,1.548,0.061
34,C-C,RBSN,79.281,6.296124000000001,8.406,34.9258,2.1828625e-05,219.9186,1.988828,3.294,14.99043,6.412743839835729e-06,0.1,0.5,0.025,0.95,0.801,0.104,1.469,0.062
35,C-C,RBSN,79.281,6.296124000000001,8.406,34.9258,2.1828625e-05,219.9186,1.988828,3.294,14.99043,6.412743839835729e-06,0.1,0.25,0.025,0.975,0.876,0.106,5.754,0.065
36,C-C,RBSN,79.281,6.296124000000001,8.406,34.9258,2.1828625e-05,219.9186,1.988828,3.294,14.99043,6.412743839835729e-06,0.1,0.5,0.025,0.975,0.816,0.107,1.446,0.064
37,C-C,BN,79.281,6.296124000000001,8.406,34.9258,2.1828625e-05,35.848800000000004,4.99954,9.9,51.870000000000005,2.0648227763447025e-05,0.01,0.25,0.01,0.95,0.91,0.083,0.732,11.757
38,C-C,BN,79.281,6.296124000000001,8.406,34.9258,2.1828625e-05,35.848800000000004,4.99954,9.9,51.870000000000005,2.0648227763447025e-05,0.01,0.5,0.01,0.95,0.897,0.082,0.613,11.272
39,C-C,BN,79.281,6.296124000000001,8.406,34.9258,2.1828625e-05,35.848800000000004,4.99954,9.9,51.870000000000005,2.0648227763447025e-05,0.01,0.25,0.01,0.975,0.919,0.084,0.451,13.279
40,C-C,BN,79.281,6.296124000000001,8.406,34.9258,2.1828625e-05,35.848800000000004,4.99954,9.9,51.870000000000005,2.0648227763447025e-05,0.01,0.5,0.01,0.975,0.917,0.083,0.465,13.205
41,C-C,BN,79.281,6.296124000000001,8.406,34.9258,2.1828625e-05,35.848800000000004,4.99954,9.9,51.870000000000005,2.0648227763447025e-05,0.1,0.25,0.01,0.95,0.603,0.046,0.21,0.196
42,C-C,BN,79.281,6.296124000000001,8.406,34.9258,2.1828625e-05,35.848800000000004,4.99954,9.9,51.870000000000005,2.0648227763447025e-05,0.1,0.5,0.01,0.95,0.614,0.046,0.212,0.199
43,C-C,BN,79.281,6.296124000000001,8.406,34.9258,2.1828625e-05,35.848800000000004,4.99954,9.9,51.870000000000005,2.0648227763447025e-05,0.1,0.25,0.01,0.975,0.955,0.082,0.797,4.212
44,C-C,BN,79.281,6.296124000000001,8.406,34.9258,2.1828625e-05,35.848800000000004,4.99954,9.9,51.870000000000005,2.0648227763447025e-05,0.1,0.5,0.01,0.975,0.574,0.046,0.218,0.19
45,C-C,BN,79.281,6.296124000000001,8.406,34.9258,2.1828625e-05,35.848800000000004,4.99954,9.9,51.870000000000005,2.0648227763447025e-05,0.1,0.25,0.025,0.95,1.031,0.094,0.775,11.719
46,C-C,BN,79.281,6.296124000000001,8.406,34.9258,2.1828625e-05,35.848800000000004,4.99954,9.9,51.870000000000005,2.0648227763447025e-05,0.1,0.5,0.025,0.95,1.022,0.093,0.721,12.726
47,C-C,BN,79.281,6.296124000000001,8.406,34.9258,2.1828625e-05,35.848800000000004,4.99954,9.9,51.870000000000005,2.0648227763447025e-05,0.1,0.25,0.025,0.975,1.084,0.096,0.562,12.043
48,C-C,BN,79.281,6.296124000000001,8.406,34.9258,2.1828625e-05,35.848800000000004,4.99954,9.9,51.870000000000005,2.0648227763447025e-05,0.1,0.5,0.025,0.975,1.046,0.094,0.57,13.856
49,C-C,MgO,79.281,6.296124000000001,8.406,34.9258,2.1828625e-05,330.2226,2.8019399999999997,12.006,60.0,1.6271627705158106e-05,0.01,0.25,0.01,0.95,0.031,0.0,0.008,0.0
50,C-C,MgO,79.281,6.296124000000001,8.406,34.9258,2.1828625e-05,330.2226,2.8019399999999997,12.006,60.0,1.6271627705158106e-05,0.1,0.25,0.01,0.95,0.027,0.0,0.005,0.0
51,C-C,MgO,79.281,6.296124000000001,8.406,34.9258,2.1828625e-05,330.2226,2.8019399999999997,12.006,60.0,1.6271627705158106e-05,0.1,0.5,0.01,0.95,0.027,0.0,0.005,0.0
52,C-C,MgO,79.281,6.296124000000001,8.406,34.9258,2.1828625e-05,330.2226,2.8019399999999997,12.006,60.0,1.6271627705158106e-05,0.1,0.25,0.01,0.975,0.04,0.001,0.012,0.001
53,C-C,MgO,79.281,6.296124000000001,8.406,34.9258,2.1828625e-05,330.2226,2.8019399999999997,12.006,60.0,1.6271627705158106e-05,0.1,0.5,0.01,0.975,0.02,0.0,0.004,0.0
54,C-C,MgO,79.281,6.296124000000001,8.406,34.9258,2.1828625e-05,330.2226,2.8019399999999997,12.006,60.0,1.6271627705158106e-05,0.1,0.25,0.025,0.95,0.024,0.0,0.006,0.0
55,C-C,MgO,79.281,6.296124000000001,8.406,34.9258,2.1828625e-05,330.2226,2.8019399999999997,12.006,60.0,1.6271627705158106e-05,0.1,0.5,0.025,0.95,0.022,0.0,0.008,0.0
56,C-C,MgO,79.281,6.296124000000001,8.406,34.9258,2.1828625e-05,330.2226,2.8019399999999997,12.006,60.0,1.6271627705158106e-05,0.1,0.25,0.025,0.975,0.026,0.0,0.007,0.0
57,C-C,MgO,79.281,6.296124000000001,8.406,34.9258,2.1828625e-05,330.2226,2.8019399999999997,12.006,60.0,1.6271627705158106e-05,0.1,0.5,0.025,0.975,0.032,0.0,0.015,0.0
58,C-C,BeO,79.281,6.296124000000001,8.406,34.9258,2.1828625e-05,399.85200000000003,3.999632,7.704000000000001,264.53700000000003,8.237739357325106e-05,0.01,0.25,0.01,0.95,0.246,0.018,0.457,0.058
59,C-C,BeO,79.281,6.296124000000001,8.406,34.9258,2.1828625e-05,399.85200000000003,3.999632,7.704000000000001,264.53700000000003,8.237739357325106e-05,0.01,0.5,0.01,0.95,0.241,0.018,0.442,0.056
60,C-C,BeO,79.281,6.296124000000001,8.406,34.9258,2.1828625e-05,399.85200000000003,3.999632,7.704000000000001,264.53700000000003,8.237739357325106e-05,0.01,0.25,0.01,0.975,0.226,0.017,0.78,0.058
61,C-C,BeO,79.281,6.296124000000001,8.406,34.9258,2.1828625e-05,399.85200000000003,3.999632,7.704000000000001,264.53700000000003,8.237739357325106e-05,0.01,0.5,0.01,0.975,0.219,0.017,0.476,0.06
62,C-C,BeO,79.281,6.296124000000001,8.406,34.9258,2.1828625e-05,399.85200000000003,3.999632,7.704000000000001,264.53700000000003,8.237739357325106e-05,0.1,0.25,0.01,0.95,0.231,0.02,0.618,0.08
63,C-C,BeO,79.281,6.296124000000001,8.406,34.9258,2.1828625e-05,399.85200000000003,3.999632,7.704000000000001,264.53700000000003,8.237739357325106e-05,0.1,0.5,0.01,0.95,0.227,0.019,0.937,0.079
64,C-C,BeO,79.281,6.296124000000001,8.406,34.9258,2.1828625e-05,399.85200000000003,3.999632,7.704000000000001,264.53700000000003,8.237739357325106e-05,0.1,0.25,0.01,0.975,0.201,0.017,0.42,0.065
65,C-C,BeO,79.281,6.296124000000001,8.406,34.9258,2.1828625e-05,399.85200000000003,3.999632,7.704000000000001,264.53700000000003,8.237739357325106e-05,0.1,0.5,0.01,0.975,0.1,0.01,0.034,0.024
66,C-C,BeO,79.281,6.296124000000001,8.406,34.9258,2.1828625e-05,399.85200000000003,3.999632,7.704000000000001,264.53700000000003,8.237739357325106e-05,0.1,0.25,0.025,0.95,0.309,0.024,0.497,0.071
67,C-C,BeO,79.281,6.296124000000001,8.406,34.9258,2.1828625e-05,399.85200000000003,3.999632,7.704000000000001,264.53700000000003,8.237739357325106e-05,0.1,0.5,0.025,0.95,0.299,0.023,0.575,0.07
68,C-C,BeO,79.281,6.296124000000001,8.406,34.9258,2.1828625e-05,399.85200000000003,3.999632,7.704000000000001,264.53700000000003,8.237739357325106e-05,0.1,0.25,0.025,0.975,0.29,0.022,0.782,0.072
69,C-C,BeO,79.281,6.296124000000001,8.406,34.9258,2.1828625e-05,399.85200000000003,3.999632,7.704000000000001,264.53700000000003,8.237739357325106e-05,0.1,0.5,0.025,0.975,0.279,0.021,0.525,0.075
70,C-C,Ox-Ox,79.281,6.296124000000001,8.406,34.9258,2.1828625e-05,146.15279999999998,3.0,1.9440000000000002,3.6309000000000005,4.3977028122333875e-07,0.01,0.25,0.01,0.95,1.159,0.214,3.564,0.135
71,C-C,Ox-Ox,79.281,6.296124000000001,8.406,34.9258,2.1828625e-05,146.15279999999998,3.0,1.9440000000000002,3.6309000000000005,4.3977028122333875e-07,0.01,0.5,0.01,0.95,1.122,0.194,1.859,0.124
72,C-C,Ox-Ox,79.281,6.296124000000001,8.406,34.9258,2.1828625e-05,146.15279999999998,3.0,1.9440000000000002,3.6309000000000005,4.3977028122333875e-07,0.01,0.25,0.01,0.975,1.347,0.223,4.184,0.148
73,C-C,Ox-Ox,79.281,6.296124000000001,8.406,34.9258,2.1828625e-05,146.15279999999998,3.0,1.9440000000000002,3.6309000000000005,4.3977028122333875e-07,0.01,0.5,0.01,0.975,1.162,0.219,1.75,0.14
74,C-C,Ox-Ox,79.281,6.296124000000001,8.406,34.9258,2.1828625e-05,146.15279999999998,3.0,1.9440000000000002,3.6309000000000005,4.3977028122333875e-07,0.1,0.25,0.01,0.95,1.037,0.223,1.52,0.162
75,C-C,Ox-Ox,79.281,6.296124000000001,8.406,34.9258,2.1828625e-05,146.15279999999998,3.0,1.9440000000000002,3.6309000000000005,4.3977028122333875e-07,0.1,0.5,0.01,0.95,1.014,0.202,1.653,0.153
76,C-C,Ox-Ox,79.281,6.296124000000001,8.406,34.9258,2.1828625e-05,146.15279999999998,3.0,1.9440000000000002,3.6309000000000005,4.3977028122333875e-07,0.1,0.25,0.01,0.975,1.119,0.219,1.499,0.16
77,C-C,Ox-Ox,79.281,6.296124000000001,8.406,34.9258,2.1828625e-05,146.15279999999998,3.0,1.9440000000000002,3.6309000000000005,4.3977028122333875e-07,0.1,0.5,0.01,0.975,1.043,0.219,1.578,0.165
78,C-C,Ox-Ox,79.281,6.296124000000001,8.406,34.9258,2.1828625e-05,146.15279999999998,3.0,1.9440000000000002,3.6309000000000005,4.3977028122333875e-07,0.1,0.25,0.025,0.95,1.841,0.366,2.498,0.215
79,C-C,Ox-Ox,79.281,6.296124000000001,8.406,34.9258,2.1828625e-05,146.15279999999998,3.0,1.9440000000000002,3.6309000000000005,4.3977028122333875e-07,0.1,0.5,0.025,0.95,1.73,0.328,1.845,0.204
80,C-C,Ox-Ox,79.281,6.296124000000001,8.406,34.9258,2.1828625e-05,146.15279999999998,3.0,1.9440000000000002,3.6309000000000005,4.3977028122333875e-07,0.1,0.25,0.025,0.975,2.192,0.417,1.809,0.268
81,C-C,Ox-Ox,79.281,6.296124000000001,8.406,34.9258,2.1828625e-05,146.15279999999998,3.0,1.9440000000000002,3.6309000000000005,4.3977028122333875e-07,0.1,0.5,0.025,0.975,1.855,0.37,1.189,0.225
82,SiC-SiC,Alumina,269.5554,29.99724,4.59,20.0564,1.4064796633941095e-05,379.8594,4.197416,8.298,35.9632,1.3944413425150443e-05,0.01,0.25,0.01,0.95,0.074,0.092,0.673,1.211
83,SiC-SiC,Alumina,269.5554,29.99724,4.59,20.0564,1.4064796633941095e-05,379.8594,4.197416,8.298,35.9632,1.3944413425150443e-05,0.01,0.5,0.01,0.95,0.072,0.092,0.645,1.251
84,SiC-SiC,Alumina,269.5554,29.99724,4.59,20.0564,1.4064796633941095e-05,379.8594,4.197416,8.298,35.9632,1.3944413425150443e-05,0.01,0.25,0.01,0.975,0.068,0.09,0.462,1.439
85,SiC-SiC,Alumina,269.5554,29.99724,4.59,20.0564,1.4064796633941095e-05,379.8594,4.197416,8.298,35.9632,1.3944413425150443e-05,0.01,0.5,0.01,0.975,0.069,0.09,0.496,1.319
86,SiC-SiC,Alumina,269.5554,29.99724,4.59,20.0564,1.4064796633941095e-05,379.8594,4.197416,8.298,35.9632,1.3944413425150443e-05,0.1,0.25,0.01,0.95,0.038,0.058,0.153,0.024
87,SiC-SiC,Alumina,269.5554,29.99724,4.59,20.0564,1.4064796633941095e-05,379.8594,4.197416,8.298,35.9632,1.3944413425150443e-05,0.1,0.5,0.01,0.95,0.037,0.057,0.139,0.024
88,SiC-SiC,Alumina,269.5554,29.99724,4.59,20.0564,1.4064796633941095e-05,379.8594,4.197416,8.298,35.9632,1.3944413425150443e-05,0.1,0.25,0.01,0.975,0.034,0.052,0.144,0.022
89,SiC-SiC,Alumina,269.5554,29.99724,4.59,20.0564,1.4064796633941095e-05,379.8594,4.197416,8.298,35.9632,1.3944413425150443e-05,0.1,0.5,0.01,0.975,0.072,0.089,0.802,0.582
90,SiC-SiC,Alumina,269.5554,29.99724,4.59,20.0564,1.4064796633941095e-05,379.8594,4.197416,8.298,35.9632,1.3944413425150443e-05,0.1,0.25,0.025,0.95,0.086,0.105,0.795,1.229
91,SiC-SiC,Alumina,269.5554,29.99724,4.59,20.0564,1.4064796633941095e-05,379.8594,4.197416,8.298,35.9632,1.3944413425150443e-05,0.1,0.5,0.025,0.95,0.084,0.105,0.767,1.294
92,SiC-SiC,Alumina,269.5554,29.99724,4.59,20.0564,1.4064796633941095e-05,379.8594,4.197416,8.298,35.9632,1.3944413425150443e-05,0.1,0.25,0.025,0.975,0.08,0.104,0.589,1.332
93,SiC-SiC,Alumina,269.5554,29.99724,4.59,20.0564,1.4064796633941095e-05,379.8594,4.197416,8.298,35.9632,1.3944413425150443e-05,0.1,0.5,0.025,0.975,0.081,0.104,0.648,1.399
94,SiC-SiC,SCFS,269.5554,29.99724,4.59,20.0564,1.4064796633941095e-05,74.4552,0.670268,0.5706,1.4990430000000001,9.041468934186751e-07,0.01,0.25,0.01,0.95,0.236,0.382,3.09,0.041
95,SiC-SiC,SCFS,269.5554,29.99724,4.59,20.0564,1.4064796633941095e-05,74.4552,0.670268,0.5706,1.4990430000000001,9.041468934186751e-07,0.01,0.5,0.01,0.95,0.241,0.372,2.712,0.039
96,SiC-SiC,SCFS,269.5554,29.99724,4.59,20.0564,1.4064796633941095e-05,74.4552,0.670268,0.5706,1.4990430000000001,9.041468934186751e-07,0.01,0.25,0.01,0.975,0.24,0.364,2.401,0.037
97,SiC-SiC,SCFS,269.5554,29.99724,4.59,20.0564,1.4064796633941095e-05,74.4552,0.670268,0.5706,1.4990430000000001,9.041468934186751e-07,0.01,0.5,0.01,0.975,0.244,0.391,2.216,0.041
98,SiC-SiC,SCFS,269.5554,29.99724,4.59,20.0564,1.4064796633941095e-05,74.4552,0.670268,0.5706,1.4990430000000001,9.041468934186751e-07,0.1,0.25,0.01,0.95,0.243,0.483,4.463,0.057
99,SiC-SiC,SCFS,269.5554,29.99724,4.59,20.0564,1.4064796633941095e-05,74.4552,0.670268,0.5706,1.4990430000000001,9.041468934186751e-07,0.1,0.5,0.01,0.95,0.244,0.46,3.948,0.056
100,SiC-SiC,SCFS,269.5554,29.99724,4.59,20.0564,1.4064796633941095e-05,74.4552,0.670268,0.5706,1.4990430000000001,9.041468934186751e-07,0.1,0.25,0.01,0.975,0.256,0.455,2.83,0.055
101,SiC-SiC,SCFS,269.5554,29.99724,4.59,20.0564,1.4064796633941095e-05,74.4552,0.670268,0.5706,1.4990430000000001,9.041468934186751e-07,0.1,0.5,0.01,0.975,0.248,0.475,3.187,0.057
102,SiC-SiC,SCFS,269.5554,29.99724,4.59,20.0564,1.4064796633941095e-05,74.4552,0.670268,0.5706,1.4990430000000001,9.041468934186751e-07,0.1,0.25,0.025,0.95,0.248,0.417,3.6,0.045
103,SiC-SiC,SCFS,269.5554,29.99724,4.59,20.0564,1.4064796633941095e-05,74.4552,0.670268,0.5706,1.4990430000000001,9.041468934186751e-07,0.1,0.5,0.025,0.95,0.252,0.414,3.306,0.045
104,SiC-SiC,SCFS,269.5554,29.99724,4.59,20.0564,1.4064796633941095e-05,74.4552,0.670268,0.5706,1.4990430000000001,9.041468934186751e-07,0.1,0.25,0.025,0.975,0.254,0.397,2.566,0.043
105,SiC-SiC,SCFS,269.5554,29.99724,4.59,20.0564,1.4064796633941095e-05,74.4552,0.670268,0.5706,1.4990430000000001,9.041468934186751e-07,0.1,0.5,0.025,0.975,0.255,0.42,2.412,0.045
106,SiC-SiC,RBSN,269.5554,29.99724,4.59,20.0564,1.4064796633941095e-05,219.9186,1.988828,3.294,14.99043,6.412743839835729e-06,0.01,0.25,0.01,0.95,0.23,0.121,7.27,0.195
107,SiC-SiC,RBSN,269.5554,29.99724,4.59,20.0564,1.4064796633941095e-05,219.9186,1.988828,3.294,14.99043,6.412743839835729e-06,0.01,0.5,0.01,0.95,0.231,0.119,5.091,0.183
108,SiC-SiC,RBSN,269.5554,29.99724,4.59,20.0564,1.4064796633941095e-05,219.9186,1.988828,3.294,14.99043,6.412743839835729e-06,0.01,0.25,0.01,0.975,0.239,0.123,4.934,0.207
109,SiC-SiC,RBSN,269.5554,29.99724,4.59,20.0564,1.4064796633941095e-05,219.9186,1.988828,3.294,14.99043,6.412743839835729e-06,0.01,0.5,0.01,0.975,0.229,0.121,4.575,0.196
110,SiC-SiC,RBSN,269.5554,29.99724,4.59,20.0564,1.4064796633941095e-05,219.9186,1.988828,3.294,14.99043,6.412743839835729e-06,0.1,0.25,0.01,0.95,0.229,0.13,5.938,0.29
111,SiC-SiC,RBSN,269.5554,29.99724,4.59,20.0564,1.4064796633941095e-05,219.9186,1.988828,3.294,14.99043,6.412743839835729e-06,0.1,0.5,0.01,0.95,0.229,0.128,6.192,0.274
112,SiC-SiC,RBSN,269.5554,29.99724,4.59,20.0564,1.4064796633941095e-05,219.9186,1.988828,3.294,14.99043,6.412743839835729e-06,0.1,0.25,0.01,0.975,0.236,0.128,5.45,0.26
113,SiC-SiC,RBSN,269.5554,29.99724,4.59,20.0564,1.4064796633941095e-05,219.9186,1.988828,3.294,14.99043,6.412743839835729e-06,0.1,0.5,0.01,0.975,0.23,0.129,6.028,0.272
114,SiC-SiC,RBSN,269.5554,29.99724,4.59,20.0564,1.4064796633941095e-05,219.9186,1.988828,3.294,14.99043,6.412743839835729e-06,0.1,0.25,0.025,0.95,0.251,0.134,5.946,0.21
115,SiC-SiC,RBSN,269.5554,29.99724,4.59,20.0564,1.4064796633941095e-05,219.9186,1.988828,3.294,14.99043,6.412743839835729e-06,0.1,0.5,0.025,0.95,0.252,0.133,5.091,0.213
116,SiC-SiC,RBSN,269.5554,29.99724,4.59,20.0564,1.4064796633941095e-05,219.9186,1.988828,3.294,14.99043,6.412743839835729e-06,0.1,0.25,0.025,0.975,0.261,0.137,4.725,0.234
117,SiC-SiC,RBSN,269.5554,29.99724,4.59,20.0564,1.4064796633941095e-05,219.9186,1.988828,3.294,14.99043,6.412743839835729e-06,0.1,0.5,0.025,0.975,0.252,0.134,4.643,0.211
118,SiC-SiC,BN,269.5554,29.99724,4.59,20.0564,1.4064796633941095e-05,35.848800000000004,4.99954,9.9,51.870000000000005,2.0648227763447025e-05,0.01,0.25,0.01,0.95,0.212,0.08,1.149,5.416
119,SiC-SiC,BN,269.5554,29.99724,4.59,20.0564,1.4064796633941095e-05,35.848800000000004,4.99954,9.9,51.870000000000005,2.0648227763447025e-05,0.01,0.5,0.01,0.95,0.211,0.079,0.94,5.706
120,SiC-SiC,BN,269.5554,29.99724,4.59,20.0564,1.4064796633941095e-05,35.848800000000004,4.99954,9.9,51.870000000000005,2.0648227763447025e-05,0.01,0.25,0.01,0.975,0.216,0.078,0.858,6.023
121,SiC-SiC,BN,269.5554,29.99724,4.59,20.0564,1.4064796633941095e-05,35.848800000000004,4.99954,9.9,51.870000000000005,2.0648227763447025e-05,0.01,0.5,0.01,0.975,0.219,0.08,0.918,5.947
122,SiC-SiC,BN,269.5554,29.99724,4.59,20.0564,1.4064796633941095e-05,35.848800000000004,4.99954,9.9,51.870000000000005,2.0648227763447025e-05,0.1,0.25,0.01,0.95,0.212,0.078,1.221,1.412
123,SiC-SiC,BN,269.5554,29.99724,4.59,20.0564,1.4064796633941095e-05,35.848800000000004,4.99954,9.9,51.870000000000005,2.0648227763447025e-05,0.1,0.5,0.01,0.95,0.21,0.077,1.207,1.571
124,SiC-SiC,BN,269.5554,29.99724,4.59,20.0564,1.4064796633941095e-05,35.848800000000004,4.99954,9.9,51.870000000000005,2.0648227763447025e-05,0.1,0.25,0.01,0.975,0.208,0.078,0.929,1.438
125,SiC-SiC,BN,269.5554,29.99724,4.59,20.0564,1.4064796633941095e-05,35.848800000000004,4.99954,9.9,51.870000000000005,2.0648227763447025e-05,0.1,0.5,0.01,0.975,0.163,0.046,0.819,0.192
126,SiC-SiC,BN,269.5554,29.99724,4.59,20.0564,1.4064796633941095e-05,35.848800000000004,4.99954,9.9,51.870000000000005,2.0648227763447025e-05,0.1,0.25,0.025,0.95,0.239,0.09,1.211,4.944
127,SiC-SiC,BN,269.5554,29.99724,4.59,20.0564,1.4064796633941095e-05,35.848800000000004,4.99954,9.9,51.870000000000005,2.0648227763447025e-05,0.1,0.5,0.025,0.95,0.236,0.09,1.1,5.695
128,SiC-SiC,BN,269.5554,29.99724,4.59,20.0564,1.4064796633941095e-05,35.848800000000004,4.99954,9.9,51.870000000000005,2.0648227763447025e-05,0.1,0.25,0.025,0.975,0.25,0.091,1.116,4.995
129,SiC-SiC,BN,269.5554,29.99724,4.59,20.0564,1.4064796633941095e-05,35.848800000000004,4.99954,9.9,51.870000000000005,2.0648227763447025e-05,0.1,0.5,0.025,0.975,0.248,0.091,1.125,5.54
130,SiC-SiC,MgO,269.5554,29.99724,4.59,20.0564,1.4064796633941095e-05,330.2226,2.8019399999999997,12.006,60.0,1.6271627705158106e-05,0.01,0.25,0.01,0.95,0.005,0.0,0.015,0.0
131,SiC-SiC,MgO,269.5554,29.99724,4.59,20.0564,1.4064796633941095e-05,330.2226,2.8019399999999997,12.006,60.0,1.6271627705158106e-05,0.01,0.5,0.01,0.975,0.012,0.0,0.037,0.0
132,SiC-SiC,MgO,269.5554,29.99724,4.59,20.0564,1.4064796633941095e-05,330.2226,2.8019399999999997,12.006,60.0,1.6271627705158106e-05,0.1,0.25,0.01,0.95,0.006,0.0,0.014,0.0
133,SiC-SiC,MgO,269.5554,29.99724,4.59,20.0564,1.4064796633941095e-05,330.2226,2.8019399999999997,12.006,60.0,1.6271627705158106e-05,0.1,0.5,0.01,0.95,0.005,0.0,0.021,0.0
134,SiC-SiC,MgO,269.5554,29.99724,4.59,20.0564,1.4064796633941095e-05,330.2226,2.8019399999999997,12.006,60.0,1.6271627705158106e-05,0.1,0.25,0.01,0.975,0.005,0.0,0.018,0.0
135,SiC-SiC,MgO,269.5554,29.99724,4.59,20.0564,1.4064796633941095e-05,330.2226,2.8019399999999997,12.006,60.0,1.6271627705158106e-05,0.1,0.5,0.01,0.975,0.005,0.0,0.012,0.0
136,SiC-SiC,MgO,269.5554,29.99724,4.59,20.0564,1.4064796633941095e-05,330.2226,2.8019399999999997,12.006,60.0,1.6271627705158106e-05,0.1,0.25,0.025,0.95,0.004,0.0,0.012,0.0
137,SiC-SiC,MgO,269.5554,29.99724,4.59,20.0564,1.4064796633941095e-05,330.2226,2.8019399999999997,12.006,60.0,1.6271627705158106e-05,0.1,0.5,0.025,0.95,0.004,0.0,0.016,0.0
138,SiC-SiC,MgO,269.5554,29.99724,4.59,20.0564,1.4064796633941095e-05,330.2226,2.8019399999999997,12.006,60.0,1.6271627705158106e-05,0.1,0.25,0.025,0.975,0.004,0.0,0.013,0.0
139,SiC-SiC,MgO,269.5554,29.99724,4.59,20.0564,1.4064796633941095e-05,330.2226,2.8019399999999997,12.006,60.0,1.6271627705158106e-05,0.1,0.5,0.025,0.975,0.005,0.0,0.028,0.0
140,SiC-SiC,BeO,269.5554,29.99724,4.59,20.0564,1.4064796633941095e-05,399.85200000000003,3.999632,7.704000000000001,264.53700000000003,8.237739357325106e-05,0.01,0.25,0.01,0.95,0.077,0.018,0.766,1.306
141,SiC-SiC,BeO,269.5554,29.99724,4.59,20.0564,1.4064796633941095e-05,399.85200000000003,3.999632,7.704000000000001,264.53700000000003,8.237739357325106e-05,0.01,0.5,0.01,0.95,0.075,0.018,0.729,1.322
142,SiC-SiC,BeO,269.5554,29.99724,4.59,20.0564,1.4064796633941095e-05,399.85200000000003,3.999632,7.704000000000001,264.53700000000003,8.237739357325106e-05,0.01,0.25,0.01,0.975,0.071,0.018,0.517,1.485
143,SiC-SiC,BeO,269.5554,29.99724,4.59,20.0564,1.4064796633941095e-05,399.85200000000003,3.999632,7.704000000000001,264.53700000000003,8.237739357325106e-05,0.01,0.5,0.01,0.975,0.071,0.018,0.562,1.374
144,SiC-SiC,BeO,269.5554,29.99724,4.59,20.0564,1.4064796633941095e-05,399.85200000000003,3.999632,7.704000000000001,264.53700000000003,8.237739357325106e-05,0.1,0.25,0.01,0.95,0.079,0.018,0.987,0.791
145,SiC-SiC,BeO,269.5554,29.99724,4.59,20.0564,1.4064796633941095e-05,399.85200000000003,3.999632,7.704000000000001,264.53700000000003,8.237739357325106e-05,0.1,0.5,0.01,0.95,0.077,0.018,0.97,0.776
146,SiC-SiC,BeO,269.5554,29.99724,4.59,20.0564,1.4064796633941095e-05,399.85200000000003,3.999632,7.704000000000001,264.53700000000003,8.237739357325106e-05,0.1,0.25,0.01,0.975,0.074,0.018,0.877,0.705
147,SiC-SiC,BeO,269.5554,29.99724,4.59,20.0564,1.4064796633941095e-05,399.85200000000003,3.999632,7.704000000000001,264.53700000000003,8.237739357325106e-05,0.1,0.5,0.01,0.975,0.075,0.018,0.922,0.641
148,SiC-SiC,BeO,269.5554,29.99724,4.59,20.0564,1.4064796633941095e-05,399.85200000000003,3.999632,7.704000000000001,264.53700000000003,8.237739357325106e-05,0.1,0.25,0.025,0.95,0.099,0.023,0.988,1.578
149,SiC-SiC,BeO,269.5554,29.99724,4.59,20.0564,1.4064796633941095e-05,399.85200000000003,3.999632,7.704000000000001,264.53700000000003,8.237739357325106e-05,0.1,0.5,0.025,0.95,0.096,0.023,0.95,1.577
150,SiC-SiC,BeO,269.5554,29.99724,4.59,20.0564,1.4064796633941095e-05,399.85200000000003,3.999632,7.704000000000001,264.53700000000003,8.237739357325106e-05,0.1,0.25,0.025,0.975,0.094,0.023,0.707,1.616
151,SiC-SiC,BeO,269.5554,29.99724,4.59,20.0564,1.4064796633941095e-05,399.85200000000003,3.999632,7.704000000000001,264.53700000000003,8.237739357325106e-05,0.1,0.5,0.025,0.975,0.093,0.023,0.777,1.562
152,SiC-SiC,Ox-Ox,269.5554,29.99724,4.59,20.0564,1.4064796633941095e-05,146.15279999999998,3.0,1.9440000000000002,3.6309000000000005,4.3977028122333875e-07,0.01,0.25,0.01,0.95,0.318,0.28,7.46,0.306
153,SiC-SiC,Ox-Ox,269.5554,29.99724,4.59,20.0564,1.4064796633941095e-05,146.15279999999998,3.0,1.9440000000000002,3.6309000000000005,4.3977028122333875e-07,0.01,0.5,0.01,0.95,0.311,0.267,4.946,0.288
154,SiC-SiC,Ox-Ox,269.5554,29.99724,4.59,20.0564,1.4064796633941095e-05,146.15279999999998,3.0,1.9440000000000002,3.6309000000000005,4.3977028122333875e-07,0.01,0.25,0.01,0.975,0.353,0.295,7.66,0.336
155,SiC-SiC,Ox-Ox,269.5554,29.99724,4.59,20.0564,1.4064796633941095e-05,146.15279999999998,3.0,1.9440000000000002,3.6309000000000005,4.3977028122333875e-07,0.01,0.5,0.01,0.975,0.321,0.282,5.561,0.316
156,SiC-SiC,Ox-Ox,269.5554,29.99724,4.59,20.0564,1.4064796633941095e-05,146.15279999999998,3.0,1.9440000000000002,3.6309000000000005,4.3977028122333875e-07,0.1,0.25,0.01,0.95,0.277,0.295,5.309,0.361
157,SiC-SiC,Ox-Ox,269.5554,29.99724,4.59,20.0564,1.4064796633941095e-05,146.15279999999998,3.0,1.9440000000000002,3.6309000000000005,4.3977028122333875e-07,0.1,0.5,0.01,0.95,0.27,0.281,5.918,0.346
158,SiC-SiC,Ox-Ox,269.5554,29.99724,4.59,20.0564,1.4064796633941095e-05,146.15279999999998,3.0,1.9440000000000002,3.6309000000000005,4.3977028122333875e-07,0.1,0.25,0.01,0.975,0.3,0.303,4.799,0.354
159,SiC-SiC,Ox-Ox,269.5554,29.99724,4.59,20.0564,1.4064796633941095e-05,146.15279999999998,3.0,1.9440000000000002,3.6309000000000005,4.3977028122333875e-07,0.1,0.5,0.01,0.975,0.282,0.291,5.679,0.353
160,SiC-SiC,Ox-Ox,269.5554,29.99724,4.59,20.0564,1.4064796633941095e-05,146.15279999999998,3.0,1.9440000000000002,3.6309000000000005,4.3977028122333875e-07,0.1,0.25,0.025,0.95,0.485,0.467,6.238,0.43
161,SiC-SiC,Ox-Ox,269.5554,29.99724,4.59,20.0564,1.4064796633941095e-05,146.15279999999998,3.0,1.9440000000000002,3.6309000000000005,4.3977028122333875e-07,0.1,0.5,0.025,0.95,0.448,0.433,5.213,0.415
162,SiC-SiC,Ox-Ox,269.5554,29.99724,4.59,20.0564,1.4064796633941095e-05,146.15279999999998,3.0,1.9440000000000002,3.6309000000000005,4.3977028122333875e-07,0.1,0.25,0.025,0.975,0.59,0.525,5.033,0.533
163,SiC-SiC,Ox-Ox,269.5554,29.99724,4.59,20.0564,1.4064796633941095e-05,146.15279999999998,3.0,1.9440000000000002,3.6309000000000005,4.3977028122333875e-07,0.1,0.5,0.025,0.975,0.486,0.466,4.748,0.443
164,C-SiC,Alumina,80.0,32.0,3.0,13.0,4.642857142857143e-06,379.8594,4.197416,8.298,35.9632,1.3944413425150443e-05,0.01,0.25,0.01,0.95,0.099,0.106,1.579,0.124
165,C-SiC,Alumina,80.0,32.0,3.0,13.0,4.642857142857143e-06,379.8594,4.197416,8.298,35.9632,1.3944413425150443e-05,0.01,0.5,0.01,0.95,0.098,0.105,1.829,0.124
166,C-SiC,Alumina,80.0,32.0,3.0,13.0,4.642857142857143e-06,379.8594,4.197416,8.298,35.9632,1.3944413425150443e-05,0.01,0.25,0.01,0.975,0.085,0.094,1.397,0.119
167,C-SiC,Alumina,80.0,32.0,3.0,13.0,4.642857142857143e-06,379.8594,4.197416,8.298,35.9632,1.3944413425150443e-05,0.01,0.5,0.01,0.975,0.085,0.092,1.419,0.117
168,C-SiC,Alumina,80.0,32.0,3.0,13.0,4.642857142857143e-06,379.8594,4.197416,8.298,35.9632,1.3944413425150443e-05,0.1,0.25,0.01,0.95,0.051,0.072,0.238,0.026
169,C-SiC,Alumina,80.0,32.0,3.0,13.0,4.642857142857143e-06,379.8594,4.197416,8.298,35.9632,1.3944413425150443e-05,0.1,0.5,0.01,0.95,0.051,0.075,0.24,0.028
170,C-SiC,Alumina,80.0,32.0,3.0,13.0,4.642857142857143e-06,379.8594,4.197416,8.298,35.9632,1.3944413425150443e-05,0.1,0.25,0.01,0.975,0.04,0.055,0.181,0.027
171,C-SiC,Alumina,80.0,32.0,3.0,13.0,4.642857142857143e-06,379.8594,4.197416,8.298,35.9632,1.3944413425150443e-05,0.1,0.5,0.01,0.975,0.04,0.055,0.167,0.025
172,C-SiC,Alumina,80.0,32.0,3.0,13.0,4.642857142857143e-06,379.8594,4.197416,8.298,35.9632,1.3944413425150443e-05,0.1,0.25,0.025,0.95,0.117,0.125,2.159,0.142
173,C-SiC,Alumina,80.0,32.0,3.0,13.0,4.642857142857143e-06,379.8594,4.197416,8.298,35.9632,1.3944413425150443e-05,0.1,0.5,0.025,0.95,0.115,0.124,2.731,0.135
174,C-SiC,Alumina,80.0,32.0,3.0,13.0,4.642857142857143e-06,379.8594,4.197416,8.298,35.9632,1.3944413425150443e-05,0.1,0.25,0.025,0.975,0.1,0.11,1.813,0.129
175,C-SiC,Alumina,80.0,32.0,3.0,13.0,4.642857142857143e-06,379.8594,4.197416,8.298,35.9632,1.3944413425150443e-05,0.1,0.5,0.025,0.975,0.1,0.106,1.988,0.126
176,C-SiC,SCFS,80.0,32.0,3.0,13.0,4.642857142857143e-06,74.4552,0.670268,0.5706,1.4990430000000001,9.041468934186751e-07,0.01,0.25,0.01,0.95,1.175,0.796,19.772,0.1
177,C-SiC,SCFS,80.0,32.0,3.0,13.0,4.642857142857143e-06,74.4552,0.670268,0.5706,1.4990430000000001,9.041468934186751e-07,0.01,0.5,0.01,0.95,1.201,0.733,15.68,0.097
178,C-SiC,SCFS,80.0,32.0,3.0,13.0,4.642857142857143e-06,74.4552,0.670268,0.5706,1.4990430000000001,9.041468934186751e-07,0.01,0.25,0.01,0.975,1.131,0.739,11.269,0.098
179,C-SiC,SCFS,80.0,32.0,3.0,13.0,4.642857142857143e-06,74.4552,0.670268,0.5706,1.4990430000000001,9.041468934186751e-07,0.01,0.5,0.01,0.975,1.154,0.804,9.307,0.102
180,C-SiC,SCFS,80.0,32.0,3.0,13.0,4.642857142857143e-06,74.4552,0.670268,0.5706,1.4990430000000001,9.041468934186751e-07,0.1,0.25,0.01,0.95,1.23,0.947,20.531,0.129
181,C-SiC,SCFS,80.0,32.0,3.0,13.0,4.642857142857143e-06,74.4552,0.670268,0.5706,1.4990430000000001,9.041468934186751e-07,0.1,0.5,0.01,0.95,1.217,0.861,22.879,0.125
182,C-SiC,SCFS,80.0,32.0,3.0,13.0,4.642857142857143e-06,74.4552,0.670268,0.5706,1.4990430000000001,9.041468934186751e-07,0.1,0.25,0.01,0.975,1.273,0.863,17.851,0.124
183,C-SiC,SCFS,80.0,32.0,3.0,13.0,4.642857142857143e-06,74.4552,0.670268,0.5706,1.4990430000000001,9.041468934186751e-07,0.1,0.5,0.01,0.975,1.24,0.91,20.11,0.127
184,C-SiC,SCFS,80.0,32.0,3.0,13.0,4.642857142857143e-06,74.4552,0.670268,0.5706,1.4990430000000001,9.041468934186751e-07,0.1,0.25,0.025,0.95,1.351,0.911,25.548,0.115
185,C-SiC,SCFS,80.0,32.0,3.0,13.0,4.642857142857143e-06,74.4552,0.670268,0.5706,1.4990430000000001,9.041468934186751e-07,0.1,0.5,0.025,0.95,1.396,0.865,20.481,0.118
186,C-SiC,SCFS,80.0,32.0,3.0,13.0,4.642857142857143e-06,74.4552,0.670268,0.5706,1.4990430000000001,9.041468934186751e-07,0.1,0.25,0.025,0.975,1.281,0.833,11.531,0.115
187,C-SiC,SCFS,80.0,32.0,3.0,13.0,4.642857142857143e-06,74.4552,0.670268,0.5706,1.4990430000000001,9.041468934186751e-07,0.1,0.5,0.025,0.975,1.312,0.895,10.716,0.118
188,C-SiC,RBSN,80.0,32.0,3.0,13.0,4.642857142857143e-06,219.9186,1.988828,3.294,14.99043,6.412743839835729e-06,0.01,0.25,0.01,0.95,0.422,0.143,9.03,0.206
189,C-SiC,RBSN,80.0,32.0,3.0,13.0,4.642857142857143e-06,219.9186,1.988828,3.294,14.99043,6.412743839835729e-06,0.01,0.5,0.01,0.95,0.412,0.142,9.294,0.198
190,C-SiC,RBSN,80.0,32.0,3.0,13.0,4.642857142857143e-06,219.9186,1.988828,3.294,14.99043,6.412743839835729e-06,0.01,0.25,0.01,0.975,0.404,0.137,13.737,0.213
191,C-SiC,RBSN,80.0,32.0,3.0,13.0,4.642857142857143e-06,219.9186,1.988828,3.294,14.99043,6.412743839835729e-06,0.01,0.5,0.01,0.975,0.4,0.136,9.188,0.211
192,C-SiC,RBSN,80.0,32.0,3.0,13.0,4.642857142857143e-06,219.9186,1.988828,3.294,14.99043,6.412743839835729e-06,0.1,0.25,0.01,0.95,0.41,0.152,13.441,0.294
193,C-SiC,RBSN,80.0,32.0,3.0,13.0,4.642857142857143e-06,219.9186,1.988828,3.294,14.99043,6.412743839835729e-06,0.1,0.5,0.01,0.95,0.401,0.15,18.662,0.29
194,C-SiC,RBSN,80.0,32.0,3.0,13.0,4.642857142857143e-06,219.9186,1.988828,3.294,14.99043,6.412743839835729e-06,0.1,0.25,0.01,0.975,0.379,0.141,10.589,0.251
195,C-SiC,RBSN,80.0,32.0,3.0,13.0,4.642857142857143e-06,219.9186,1.988828,3.294,14.99043,6.412743839835729e-06,0.1,0.5,0.01,0.975,0.373,0.139,15.022,0.261
196,C-SiC,RBSN,80.0,32.0,3.0,13.0,4.642857142857143e-06,219.9186,1.988828,3.294,14.99043,6.412743839835729e-06,0.1,0.25,0.025,0.95,0.472,0.164,9.856,0.233
197,C-SiC,RBSN,80.0,32.0,3.0,13.0,4.642857142857143e-06,219.9186,1.988828,3.294,14.99043,6.412743839835729e-06,0.1,0.5,0.025,0.95,0.462,0.162,11.344,0.23
198,C-SiC,RBSN,80.0,32.0,3.0,13.0,4.642857142857143e-06,219.9186,1.988828,3.294,14.99043,6.412743839835729e-06,0.1,0.25,0.025,0.975,0.454,0.156,13.497,0.236
199,C-SiC,RBSN,80.0,32.0,3.0,13.0,4.642857142857143e-06,219.9186,1.988828,3.294,14.99043,6.412743839835729e-06,0.1,0.5,0.025,0.975,0.445,0.152,10.041,0.237
200,C-SiC,BN,80.0,32.0,3.0,13.0,4.642857142857143e-06,35.848800000000004,4.99954,9.9,51.870000000000005,2.0648227763447025e-05,0.01,0.25,0.01,0.95,0.395,0.083,2.006,5.845
201,C-SiC,BN,80.0,32.0,3.0,13.0,4.642857142857143e-06,35.848800000000004,4.99954,9.9,51.870000000000005,2.0648227763447025e-05,0.01,0.5,0.01,0.95,0.388,0.084,1.843,6.052
202,C-SiC,BN,80.0,32.0,3.0,13.0,4.642857142857143e-06,35.848800000000004,4.99954,9.9,51.870000000000005,2.0648227763447025e-05,0.01,0.25,0.01,0.975,0.354,0.084,1.485,6.599
203,C-SiC,BN,80.0,32.0,3.0,13.0,4.642857142857143e-06,35.848800000000004,4.99954,9.9,51.870000000000005,2.0648227763447025e-05,0.01,0.5,0.01,0.975,0.365,0.083,1.525,6.223
204,C-SiC,BN,80.0,32.0,3.0,13.0,4.642857142857143e-06,35.848800000000004,4.99954,9.9,51.870000000000005,2.0648227763447025e-05,0.1,0.25,0.01,0.95,0.447,0.082,2.254,1.943
205,C-SiC,BN,80.0,32.0,3.0,13.0,4.642857142857143e-06,35.848800000000004,4.99954,9.9,51.870000000000005,2.0648227763447025e-05,0.1,0.5,0.01,0.95,0.451,0.082,2.24,2.105
206,C-SiC,BN,80.0,32.0,3.0,13.0,4.642857142857143e-06,35.848800000000004,4.99954,9.9,51.870000000000005,2.0648227763447025e-05,0.1,0.25,0.01,0.975,0.36,0.082,1.67,1.79
207,C-SiC,BN,80.0,32.0,3.0,13.0,4.642857142857143e-06,35.848800000000004,4.99954,9.9,51.870000000000005,2.0648227763447025e-05,0.1,0.5,0.01,0.975,0.222,0.048,1.237,0.196
208,C-SiC,BN,80.0,32.0,3.0,13.0,4.642857142857143e-06,35.848800000000004,4.99954,9.9,51.870000000000005,2.0648227763447025e-05,0.1,0.25,0.025,0.95,0.48,0.097,2.381,5.461
209,C-SiC,BN,80.0,32.0,3.0,13.0,4.642857142857143e-06,35.848800000000004,4.99954,9.9,51.870000000000005,2.0648227763447025e-05,0.1,0.5,0.025,0.95,0.49,0.097,2.262,6.241
210,C-SiC,BN,80.0,32.0,3.0,13.0,4.642857142857143e-06,35.848800000000004,4.99954,9.9,51.870000000000005,2.0648227763447025e-05,0.1,0.25,0.025,0.975,0.403,0.096,1.844,5.557
211,C-SiC,BN,80.0,32.0,3.0,13.0,4.642857142857143e-06,35.848800000000004,4.99954,9.9,51.870000000000005,2.0648227763447025e-05,0.1,0.5,0.025,0.975,0.437,0.097,2.072,6.202
212,C-SiC,MgO,80.0,32.0,3.0,13.0,4.642857142857143e-06,330.2226,2.8019399999999997,12.006,60.0,1.6271627705158106e-05,0.01,0.25,0.01,0.95,0.009,0.001,0.034,0.0
213,C-SiC,MgO,80.0,32.0,3.0,13.0,4.642857142857143e-06,330.2226,2.8019399999999997,12.006,60.0,1.6271627705158106e-05,0.01,0.5,0.01,0.95,0.005,0.0,0.018,0.0
214,C-SiC,MgO,80.0,32.0,3.0,13.0,4.642857142857143e-06,330.2226,2.8019399999999997,12.006,60.0,1.6271627705158106e-05,0.01,0.25,0.01,0.975,0.005,0.0,0.022,0.0
215,C-SiC,MgO,80.0,32.0,3.0,13.0,4.642857142857143e-06,330.2226,2.8019399999999997,12.006,60.0,1.6271627705158106e-05,0.01,0.5,0.01,0.975,0.011,0.0,0.049,0.0
216,C-SiC,MgO,80.0,32.0,3.0,13.0,4.642857142857143e-06,330.2226,2.8019399999999997,12.006,60.0,1.6271627705158106e-05,0.1,0.25,0.01,0.95,0.016,0.001,0.072,0.0
217,C-SiC,MgO,80.0,32.0,3.0,13.0,4.642857142857143e-06,330.2226,2.8019399999999997,12.006,60.0,1.6271627705158106e-05,0.1,0.5,0.01,0.95,0.015,0.001,0.061,0.0
218,C-SiC,MgO,80.0,32.0,3.0,13.0,4.642857142857143e-06,330.2226,2.8019399999999997,12.006,60.0,1.6271627705158106e-05,0.1,0.25,0.01,0.975,0.01,0.001,0.043,0.0
219,C-SiC,MgO,80.0,32.0,3.0,13.0,4.642857142857143e-06,330.2226,2.8019399999999997,12.006,60.0,1.6271627705158106e-05,0.1,0.5,0.01,0.975,0.015,0.001,0.068,0.0
220,C-SiC,MgO,80.0,32.0,3.0,13.0,4.642857142857143e-06,330.2226,2.8019399999999997,12.006,60.0,1.6271627705158106e-05,0.1,0.25,0.025,0.95,0.011,0.001,0.052,0.0
221,C-SiC,MgO,80.0,32.0,3.0,13.0,4.642857142857143e-06,330.2226,2.8019399999999997,12.006,60.0,1.6271627705158106e-05,0.1,0.5,0.025,0.95,0.005,0.0,0.023,0.0
222,C-SiC,MgO,80.0,32.0,3.0,13.0,4.642857142857143e-06,330.2226,2.8019399999999997,12.006,60.0,1.6271627705158106e-05,0.1,0.25,0.025,0.975,0.005,0.0,0.024,0.0
223,C-SiC,MgO,80.0,32.0,3.0,13.0,4.642857142857143e-06,330.2226,2.8019399999999997,12.006,60.0,1.6271627705158106e-05,0.1,0.5,0.025,0.975,0.006,0.0,0.034,0.0
224,C-SiC,BeO,80.0,32.0,3.0,13.0,4.642857142857143e-06,399.85200000000003,3.999632,7.704000000000001,264.53700000000003,8.237739357325106e-05,0.01,0.25,0.01,0.95,0.103,0.021,1.625,0.109
225,C-SiC,BeO,80.0,32.0,3.0,13.0,4.642857142857143e-06,399.85200000000003,3.999632,7.704000000000001,264.53700000000003,8.237739357325106e-05,0.01,0.5,0.01,0.95,0.102,0.021,1.863,0.11
226,C-SiC,BeO,80.0,32.0,3.0,13.0,4.642857142857143e-06,399.85200000000003,3.999632,7.704000000000001,264.53700000000003,8.237739357325106e-05,0.01,0.25,0.01,0.975,0.088,0.019,1.474,0.105
227,C-SiC,BeO,80.0,32.0,3.0,13.0,4.642857142857143e-06,399.85200000000003,3.999632,7.704000000000001,264.53700000000003,8.237739357325106e-05,0.01,0.5,0.01,0.975,0.088,0.018,1.471,0.104
228,C-SiC,BeO,80.0,32.0,3.0,13.0,4.642857142857143e-06,399.85200000000003,3.999632,7.704000000000001,264.53700000000003,8.237739357325106e-05,0.1,0.25,0.01,0.95,0.054,0.014,0.287,0.027
229,C-SiC,BeO,80.0,32.0,3.0,13.0,4.642857142857143e-06,399.85200000000003,3.999632,7.704000000000001,264.53700000000003,8.237739357325106e-05,0.1,0.5,0.01,0.95,0.054,0.015,0.29,0.028
230,C-SiC,BeO,80.0,32.0,3.0,13.0,4.642857142857143e-06,399.85200000000003,3.999632,7.704000000000001,264.53700000000003,8.237739357325106e-05,0.1,0.25,0.01,0.975,0.086,0.019,2.299,0.117
231,C-SiC,BeO,80.0,32.0,3.0,13.0,4.642857142857143e-06,399.85200000000003,3.999632,7.704000000000001,264.53700000000003,8.237739357325106e-05,0.1,0.5,0.01,0.975,0.042,0.011,0.193,0.026
232,C-SiC,BeO,80.0,32.0,3.0,13.0,4.642857142857143e-06,399.85200000000003,3.999632,7.704000000000001,264.53700000000003,8.237739357325106e-05,0.1,0.25,0.025,0.95,0.136,0.028,2.311,0.131
233,C-SiC,BeO,80.0,32.0,3.0,13.0,4.642857142857143e-06,399.85200000000003,3.999632,7.704000000000001,264.53700000000003,8.237739357325106e-05,0.1,0.5,0.025,0.95,0.134,0.027,2.879,0.126
234,C-SiC,BeO,80.0,32.0,3.0,13.0,4.642857142857143e-06,399.85200000000003,3.999632,7.704000000000001,264.53700000000003,8.237739357325106e-05,0.1,0.25,0.025,0.975,0.116,0.024,2.023,0.121
235,C-SiC,BeO,80.0,32.0,3.0,13.0,4.642857142857143e-06,399.85200000000003,3.999632,7.704000000000001,264.53700000000003,8.237739357325106e-05,0.1,0.5,0.025,0.975,0.116,0.023,2.152,0.12
236,C-SiC,Ox-Ox,80.0,32.0,3.0,13.0,4.642857142857143e-06,146.15279999999998,3.0,1.9440000000000002,3.6309000000000005,4.3977028122333875e-07,0.01,0.25,0.01,0.95,1.055,0.416,28.484,0.602
237,C-SiC,Ox-Ox,80.0,32.0,3.0,13.0,4.642857142857143e-06,146.15279999999998,3.0,1.9440000000000002,3.6309000000000005,4.3977028122333875e-07,0.01,0.5,0.01,0.95,1.02,0.407,23.479,0.551
238,C-SiC,Ox-Ox,80.0,32.0,3.0,13.0,4.642857142857143e-06,146.15279999999998,3.0,1.9440000000000002,3.6309000000000005,4.3977028122333875e-07,0.01,0.25,0.01,0.975,1.142,0.424,76.711,0.66
239,C-SiC,Ox-Ox,80.0,32.0,3.0,13.0,4.642857142857143e-06,146.15279999999998,3.0,1.9440000000000002,3.6309000000000005,4.3977028122333875e-07,0.01,0.5,0.01,0.975,1.053,0.422,24.834,0.62
240,C-SiC,Ox-Ox,80.0,32.0,3.0,13.0,4.642857142857143e-06,146.15279999999998,3.0,1.9440000000000002,3.6309000000000005,4.3977028122333875e-07,0.1,0.25,0.01,0.95,0.994,0.427,31.121,0.819
241,C-SiC,Ox-Ox,80.0,32.0,3.0,13.0,4.642857142857143e-06,146.15279999999998,3.0,1.9440000000000002,3.6309000000000005,4.3977028122333875e-07,0.1,0.5,0.01,0.95,0.986,0.422,30.537,0.77
242,C-SiC,Ox-Ox,80.0,32.0,3.0,13.0,4.642857142857143e-06,146.15279999999998,3.0,1.9440000000000002,3.6309000000000005,4.3977028122333875e-07,0.1,0.25,0.01,0.975,1.016,0.428,28.595,0.767
243,C-SiC,Ox-Ox,80.0,32.0,3.0,13.0,4.642857142857143e-06,146.15279999999998,3.0,1.9440000000000002,3.6309000000000005,4.3977028122333875e-07,0.1,0.5,0.01,0.975,0.999,0.43,31.122,0.819
244,C-SiC,Ox-Ox,80.0,32.0,3.0,13.0,4.642857142857143e-06,146.15279999999998,3.0,1.9440000000000002,3.6309000000000005,4.3977028122333875e-07,0.1,0.25,0.025,0.95,1.844,0.748,36.032,0.903
245,C-SiC,Ox-Ox,80.0,32.0,3.0,13.0,4.642857142857143e-06,146.15279999999998,3.0,1.9440000000000002,3.6309000000000005,4.3977028122333875e-07,0.1,0.5,0.025,0.95,1.775,0.732,32.557,0.886
246,C-SiC,Ox-Ox,80.0,32.0,3.0,13.0,4.642857142857143e-06,146.15279999999998,3.0,1.9440000000000002,3.6309000000000005,4.3977028122333875e-07,0.1,0.25,0.025,0.975,2.057,0.804,25.823,1.061
247,C-SiC,Ox-Ox,80.0,32.0,3.0,13.0,4.642857142857143e-06,146.15279999999998,3.0,1.9440000000000002,3.6309000000000005,4.3977028122333875e-07,0.1,0.5,0.025,0.975,1.848,0.763,22.552,0.904
248,C-C,MgO,79.281,6.296124000000001,8.406,34.9258,2.1828625e-05,330.2226,2.8019399999999997,12.006,60.0,1.6271627705158106e-05,0.01,0.5,0.01,0.95,0.019,0.0,0.005,0.0
249,C-C,MgO,79.281,6.296124000000001,8.406,34.9258,2.1828625e-05,330.2226,2.8019399999999997,12.006,60.0,1.6271627705158106e-05,0.01,0.25,0.01,0.975,0.043,0.0,0.009,0.0
250,C-C,MgO,79.281,6.296124000000001,8.406,34.9258,2.1828625e-05,330.2226,2.8019399999999997,12.006,60.0,1.6271627705158106e-05,0.01,0.5,0.01,0.975,0.025,0.0,0.006,0.0
251,SiC-SiC,MgO,269.5554,29.99724,4.59,20.0564,1.4064796633941095e-05,330.2226,2.8019399999999997,12.006,60.0,1.6271627705158106e-05,0.01,0.5,0.01,0.95,0.003,0.0,0.009,0.0
252,SiC-SiC,MgO,269.5554,29.99724,4.59,20.0564,1.4064796633941095e-05,330.2226,2.8019399999999997,12.006,60.0,1.6271627705158106e-05,0.01,0.25,0.01,0.975,0.019,0.001,0.046,0.001
253,C-C,Alumina,79.281,6.296124000000001,8.406,34.9258,2.1828625e-05,379.8594,4.197416,8.298,35.9632,1.3944413425150443e-05,0.01,0.25,0.025,0.95,0.281,0.11,1.052,0.076
254,C-C,Alumina,79.281,6.296124000000001,8.406,34.9258,2.1828625e-05,379.8594,4.197416,8.298,35.9632,1.3944413425150443e-05,0.01,0.5,0.025,0.95,0.275,0.11,0.836,0.078
255,C-C,Alumina,79.281,6.296124000000001,8.406,34.9258,2.1828625e-05,379.8594,4.197416,8.298,35.9632,1.3944413425150443e-05,0.01,0.25,0.025,0.975,0.279,0.117,1.037,0.087
256,C-C,Alumina,79.281,6.296124000000001,8.406,34.9258,2.1828625e-05,379.8594,4.197416,8.298,35.9632,1.3944413425150443e-05,0.01,0.5,0.025,0.975,0.251,0.103,1.09,0.08
257,C-C,SCFS,79.281,6.296124000000001,8.406,34.9258,2.1828625e-05,74.4552,0.670268,0.5706,1.4990430000000001,9.041468934186751e-07,0.01,0.25,0.025,0.95,0.887,0.311,0.352,0.031
258,C-C,SCFS,79.281,6.296124000000001,8.406,34.9258,2.1828625e-05,74.4552,0.670268,0.5706,1.4990430000000001,9.041468934186751e-07,0.01,0.5,0.025,0.95,0.909,0.616,0.284,0.033
259,C-C,SCFS,79.281,6.296124000000001,8.406,34.9258,2.1828625e-05,74.4552,0.670268,0.5706,1.4990430000000001,9.041468934186751e-07,0.01,0.25,0.025,0.975,1.094,1.727,0.37,0.036
260,C-C,SCFS,79.281,6.296124000000001,8.406,34.9258,2.1828625e-05,74.4552,0.670268,0.5706,1.4990430000000001,9.041468934186751e-07,0.01,0.5,0.025,0.975,0.841,0.304,0.245,0.033
261,C-C,RBSN,79.281,6.296124000000001,8.406,34.9258,2.1828625e-05,219.9186,1.988828,3.294,14.99043,6.412743839835729e-06,0.01,0.25,0.025,0.95,0.969,0.109,2.494,0.062
262,C-C,RBSN,79.281,6.296124000000001,8.406,34.9258,2.1828625e-05,219.9186,1.988828,3.294,14.99043,6.412743839835729e-06,0.01,0.5,0.025,0.95,0.987,0.147,0.986,0.065
263,C-C,RBSN,79.281,6.296124000000001,8.406,34.9258,2.1828625e-05,219.9186,1.988828,3.294,14.99043,6.412743839835729e-06,0.01,0.25,0.025,0.975,1.314,0.16,33.679,0.082
264,C-C,RBSN,79.281,6.296124000000001,8.406,34.9258,2.1828625e-05,219.9186,1.988828,3.294,14.99043,6.412743839835729e-06,0.01,0.5,0.025,0.975,0.979,0.111,1.002,0.071
265,C-C,BN,79.281,6.296124000000001,8.406,34.9258,2.1828625e-05,35.848800000000004,4.99954,9.9,51.870000000000005,2.0648227763447025e-05,0.01,0.25,0.025,0.95,1.084,0.097,0.628,19.059
266,C-C,BN,79.281,6.296124000000001,8.406,34.9258,2.1828625e-05,35.848800000000004,4.99954,9.9,51.870000000000005,2.0648227763447025e-05,0.01,0.5,0.025,0.95,1.039,0.096,0.467,16.71
267,C-C,BN,79.281,6.296124000000001,8.406,34.9258,2.1828625e-05,35.848800000000004,4.99954,9.9,51.870000000000005,2.0648227763447025e-05,0.01,0.25,0.025,0.975,0.971,0.099,0.359,23.716
268,C-C,BN,79.281,6.296124000000001,8.406,34.9258,2.1828625e-05,35.848800000000004,4.99954,9.9,51.870000000000005,2.0648227763447025e-05,0.01,0.5,0.025,0.975,0.984,0.098,0.458,23.569
269,C-C,MgO,79.281,6.296124000000001,8.406,34.9258,2.1828625e-05,330.2226,2.8019399999999997,12.006,60.0,1.6271627705158106e-05,0.01,0.25,0.025,0.95,0.104,0.0,0.018,0.0
270,C-C,MgO,79.281,6.296124000000001,8.406,34.9258,2.1828625e-05,330.2226,2.8019399999999997,12.006,60.0,1.6271627705158106e-05,0.01,0.5,0.025,0.95,0.027,0.0,0.007,0.0
271,C-C,MgO,79.281,6.296124000000001,8.406,34.9258,2.1828625e-05,330.2226,2.8019399999999997,12.006,60.0,1.6271627705158106e-05,0.01,0.25,0.025,0.975,0.038,0.0,0.008,0.0
272,C-C,MgO,79.281,6.296124000000001,8.406,34.9258,2.1828625e-05,330.2226,2.8019399999999997,12.006,60.0,1.6271627705158106e-05,0.01,0.5,0.025,0.975,0.028,0.0,0.011,0.0
273,C-C,BeO,79.281,6.296124000000001,8.406,34.9258,2.1828625e-05,399.85200000000003,3.999632,7.704000000000001,264.53700000000003,8.237739357325106e-05,0.01,0.25,0.025,0.95,0.372,0.025,1.232,0.069
274,C-C,BeO,79.281,6.296124000000001,8.406,34.9258,2.1828625e-05,399.85200000000003,3.999632,7.704000000000001,264.53700000000003,8.237739357325106e-05,0.01,0.5,0.025,0.95,0.332,0.029,0.981,0.077
275,C-C,BeO,79.281,6.296124000000001,8.406,34.9258,2.1828625e-05,399.85200000000003,3.999632,7.704000000000001,264.53700000000003,8.237739357325106e-05,0.01,0.25,0.025,0.975,0.327,0.027,1.247,0.087
276,C-C,BeO,79.281,6.296124000000001,8.406,34.9258,2.1828625e-05,399.85200000000003,3.999632,7.704000000000001,264.53700000000003,8.237739357325106e-05,0.01,0.5,0.025,0.975,0.295,0.023,1.328,0.079
277,C-C,Ox-Ox,79.281,6.296124000000001,8.406,34.9258,2.1828625e-05,146.15279999999998,3.0,1.9440000000000002,3.6309000000000005,4.3977028122333875e-07,0.01,0.25,0.025,0.95,2.768,0.455,2.129,0.261
278,C-C,Ox-Ox,79.281,6.296124000000001,8.406,34.9258,2.1828625e-05,146.15279999999998,3.0,1.9440000000000002,3.6309000000000005,4.3977028122333875e-07,0.01,0.5,0.025,0.95,2.908,0.661,1.075,0.288
279,C-C,Ox-Ox,79.281,6.296124000000001,8.406,34.9258,2.1828625e-05,146.15279999999998,3.0,1.9440000000000002,3.6309000000000005,4.3977028122333875e-07,0.01,0.25,0.025,0.975,4.924,0.79,3.791,0.4
280,C-C,Ox-Ox,79.281,6.296124000000001,8.406,34.9258,2.1828625e-05,146.15279999999998,3.0,1.9440000000000002,3.6309000000000005,4.3977028122333875e-07,0.01,0.5,0.025,0.975,2.774,0.457,0.977,0.329
281,SiC-SiC,Alumina,269.5554,29.99724,4.59,20.0564,1.4064796633941095e-05,379.8594,4.197416,8.298,35.9632,1.3944413425150443e-05,0.01,0.25,0.025,0.95,0.086,0.109,0.554,2.294
282,SiC-SiC,Alumina,269.5554,29.99724,4.59,20.0564,1.4064796633941095e-05,379.8594,4.197416,8.298,35.9632,1.3944413425150443e-05,0.01,0.5,0.025,0.95,0.079,0.109,0.491,1.937
283,SiC-SiC,Alumina,269.5554,29.99724,4.59,20.0564,1.4064796633941095e-05,379.8594,4.197416,8.298,35.9632,1.3944413425150443e-05,0.01,0.25,0.025,0.975,0.075,0.107,0.412,0.801
284,SiC-SiC,Alumina,269.5554,29.99724,4.59,20.0564,1.4064796633941095e-05,379.8594,4.197416,8.298,35.9632,1.3944413425150443e-05,0.01,0.5,0.025,0.975,0.075,0.107,0.431,0.748
285,SiC-SiC,SCFS,269.5554,29.99724,4.59,20.0564,1.4064796633941095e-05,74.4552,0.670268,0.5706,1.4990430000000001,9.041468934186751e-07,0.01,0.25,0.025,0.95,0.243,0.418,1.535,0.041
286,SiC-SiC,SCFS,269.5554,29.99724,4.59,20.0564,1.4064796633941095e-05,74.4552,0.670268,0.5706,1.4990430000000001,9.041468934186751e-07,0.01,0.5,0.025,0.95,0.246,0.787,1.327,0.045
287,SiC-SiC,SCFS,269.5554,29.99724,4.59,20.0564,1.4064796633941095e-05,74.4552,0.670268,0.5706,1.4990430000000001,9.041468934186751e-07,0.01,0.25,0.025,0.975,0.302,2.019,1.704,0.047
288,SiC-SiC,SCFS,269.5554,29.99724,4.59,20.0564,1.4064796633941095e-05,74.4552,0.670268,0.5706,1.4990430000000001,9.041468934186751e-07,0.01,0.5,0.025,0.975,0.237,0.406,1.157,0.044
289,SiC-SiC,RBSN,269.5554,29.99724,4.59,20.0564,1.4064796633941095e-05,219.9186,1.988828,3.294,14.99043,6.412743839835729e-06,0.01,0.25,0.025,0.95,0.269,0.136,6.084,0.194
290,SiC-SiC,RBSN,269.5554,29.99724,4.59,20.0564,1.4064796633941095e-05,219.9186,1.988828,3.294,14.99043,6.412743839835729e-06,0.01,0.5,0.025,0.95,0.279,0.151,4.807,0.234
291,SiC-SiC,RBSN,269.5554,29.99724,4.59,20.0564,1.4064796633941095e-05,219.9186,1.988828,3.294,14.99043,6.412743839835729e-06,0.01,0.25,0.025,0.975,0.326,0.157,6.822,0.308
292,SiC-SiC,RBSN,269.5554,29.99724,4.59,20.0564,1.4064796633941095e-05,219.9186,1.988828,3.294,14.99043,6.412743839835729e-06,0.01,0.5,0.025,0.975,0.269,0.137,9.152,0.247
293,SiC-SiC,BN,269.5554,29.99724,4.59,20.0564,1.4064796633941095e-05,35.848800000000004,4.99954,9.9,51.870000000000005,2.0648227763447025e-05,0.01,0.25,0.025,0.95,0.264,0.08,1.027,6.699
294,SiC-SiC,BN,269.5554,29.99724,4.59,20.0564,1.4064796633941095e-05,35.848800000000004,4.99954,9.9,51.870000000000005,2.0648227763447025e-05,0.01,0.5,0.025,0.95,0.236,0.093,0.935,5.709
295,SiC-SiC,BN,269.5554,29.99724,4.59,20.0564,1.4064796633941095e-05,35.848800000000004,4.99954,9.9,51.870000000000005,2.0648227763447025e-05,0.01,0.25,0.025,0.975,0.22,0.096,0.579,7.341
296,SiC-SiC,BN,269.5554,29.99724,4.59,20.0564,1.4064796633941095e-05,35.848800000000004,4.99954,9.9,51.870000000000005,2.0648227763447025e-05,0.01,0.5,0.025,0.975,0.217,0.078,0.643,8.906
297,SiC-SiC,MgO,269.5554,29.99724,4.59,20.0564,1.4064796633941095e-05,330.2226,2.8019399999999997,12.006,60.0,1.6271627705158106e-05,0.01,0.25,0.025,0.95,0.012,0.0,0.03,0.0
298,SiC-SiC,MgO,269.5554,29.99724,4.59,20.0564,1.4064796633941095e-05,330.2226,2.8019399999999997,12.006,60.0,1.6271627705158106e-05,0.01,0.5,0.025,0.95,0.006,0.0,0.017,0.0
299,SiC-SiC,MgO,269.5554,29.99724,4.59,20.0564,1.4064796633941095e-05,330.2226,2.8019399999999997,12.006,60.0,1.6271627705158106e-05,0.01,0.25,0.025,0.975,0.007,0.0,0.016,0.0
300,SiC-SiC,MgO,269.5554,29.99724,4.59,20.0564,1.4064796633941095e-05,330.2226,2.8019399999999997,12.006,60.0,1.6271627705158106e-05,0.01,0.5,0.025,0.975,0.007,0.0,0.037,0.0
301,SiC-SiC,BeO,269.5554,29.99724,4.59,20.0564,1.4064796633941095e-05,399.85200000000003,3.999632,7.704000000000001,264.53700000000003,8.237739357325106e-05,0.01,0.25,0.025,0.95,0.102,0.024,0.683,1.271
302,SiC-SiC,BeO,269.5554,29.99724,4.59,20.0564,1.4064796633941095e-05,399.85200000000003,3.999632,7.704000000000001,264.53700000000003,8.237739357325106e-05,0.01,0.5,0.025,0.95,0.094,0.024,0.598,2.291
303,SiC-SiC,BeO,269.5554,29.99724,4.59,20.0564,1.4064796633941095e-05,399.85200000000003,3.999632,7.704000000000001,264.53700000000003,8.237739357325106e-05,0.01,0.25,0.025,0.975,0.087,0.024,0.51,0.486
304,SiC-SiC,BeO,269.5554,29.99724,4.59,20.0564,1.4064796633941095e-05,399.85200000000003,3.999632,7.704000000000001,264.53700000000003,8.237739357325106e-05,0.01,0.5,0.025,0.975,0.088,0.024,0.524,0.456
305,SiC-SiC,Ox-Ox,269.5554,29.99724,4.59,20.0564,1.4064796633941095e-05,146.15279999999998,3.0,1.9440000000000002,3.6309000000000005,4.3977028122333875e-07,0.01,0.25,0.025,0.95,0.682,0.575,5.771,0.512
306,SiC-SiC,Ox-Ox,269.5554,29.99724,4.59,20.0564,1.4064796633941095e-05,146.15279999999998,3.0,1.9440000000000002,3.6309000000000005,4.3977028122333875e-07,0.01,0.5,0.025,0.95,0.674,0.701,4.032,0.646
307,SiC-SiC,Ox-Ox,269.5554,29.99724,4.59,20.0564,1.4064796633941095e-05,146.15279999999998,3.0,1.9440000000000002,3.6309000000000005,4.3977028122333875e-07,0.01,0.25,0.025,0.975,1.069,0.773,4.783,0.922
308,SiC-SiC,Ox-Ox,269.5554,29.99724,4.59,20.0564,1.4064796633941095e-05,146.15279999999998,3.0,1.9440000000000002,3.6309000000000005,4.3977028122333875e-07,0.01,0.5,0.025,0.975,0.664,0.573,5.597,0.718
309,C-SiC,Alumina,80.0,32.0,3.0,13.0,4.642857142857143e-06,379.8594,4.197416,8.298,35.9632,1.3944413425150443e-05,0.01,0.25,0.025,0.95,0.128,0.136,1.596,0.105
310,C-SiC,Alumina,80.0,32.0,3.0,13.0,4.642857142857143e-06,379.8594,4.197416,8.298,35.9632,1.3944413425150443e-05,0.01,0.5,0.025,0.95,0.117,0.14,1.28,0.132
311,C-SiC,Alumina,80.0,32.0,3.0,13.0,4.642857142857143e-06,379.8594,4.197416,8.298,35.9632,1.3944413425150443e-05,0.01,0.25,0.025,0.975,0.11,0.121,1.524,0.103
312,C-SiC,Alumina,80.0,32.0,3.0,13.0,4.642857142857143e-06,379.8594,4.197416,8.298,35.9632,1.3944413425150443e-05,0.01,0.5,0.025,0.975,0.1,0.11,1.253,0.113
313,C-SiC,SCFS,80.0,32.0,3.0,13.0,4.642857142857143e-06,74.4552,0.670268,0.5706,1.4990430000000001,9.041468934186751e-07,0.01,0.25,0.025,0.95,1.179,0.867,7.599,0.1
314,C-SiC,SCFS,80.0,32.0,3.0,13.0,4.642857142857143e-06,74.4552,0.670268,0.5706,1.4990430000000001,9.041468934186751e-07,0.01,0.5,0.025,0.95,1.228,1.51,6.099,0.11
315,C-SiC,SCFS,80.0,32.0,3.0,13.0,4.642857142857143e-06,74.4552,0.670268,0.5706,1.4990430000000001,9.041468934186751e-07,0.01,0.25,0.025,0.975,1.461,2.629,8.714,0.117
316,C-SiC,SCFS,80.0,32.0,3.0,13.0,4.642857142857143e-06,74.4552,0.670268,0.5706,1.4990430000000001,9.041468934186751e-07,0.01,0.5,0.025,0.975,1.129,0.839,4.715,0.11
317,C-SiC,RBSN,80.0,32.0,3.0,13.0,4.642857142857143e-06,219.9186,1.988828,3.294,14.99043,6.412743839835729e-06,0.01,0.25,0.025,0.95,0.518,0.171,15.876,0.198
318,C-SiC,RBSN,80.0,32.0,3.0,13.0,4.642857142857143e-06,219.9186,1.988828,3.294,14.99043,6.412743839835729e-06,0.01,0.5,0.025,0.95,0.478,0.182,14.694,0.237
319,C-SiC,RBSN,80.0,32.0,3.0,13.0,4.642857142857143e-06,219.9186,1.988828,3.294,14.99043,6.412743839835729e-06,0.01,0.25,0.025,0.975,0.473,0.17,22.154,0.261
320,C-SiC,RBSN,80.0,32.0,3.0,13.0,4.642857142857143e-06,219.9186,1.988828,3.294,14.99043,6.412743839835729e-06,0.01,0.5,0.025,0.975,0.451,0.157,16.705,0.237
321,C-SiC,BN,80.0,32.0,3.0,13.0,4.642857142857143e-06,35.848800000000004,4.99954,9.9,51.870000000000005,2.0648227763447025e-05,0.01,0.25,0.025,0.95,0.455,0.1,1.601,9.945
322,C-SiC,BN,80.0,32.0,3.0,13.0,4.642857142857143e-06,35.848800000000004,4.99954,9.9,51.870000000000005,2.0648227763447025e-05,0.01,0.5,0.025,0.95,0.402,0.1,1.55,8.013
323,C-SiC,BN,80.0,32.0,3.0,13.0,4.642857142857143e-06,35.848800000000004,4.99954,9.9,51.870000000000005,2.0648227763447025e-05,0.01,0.25,0.025,0.975,0.378,0.101,1.078,11.322
324,C-SiC,BN,80.0,32.0,3.0,13.0,4.642857142857143e-06,35.848800000000004,4.99954,9.9,51.870000000000005,2.0648227763447025e-05,0.01,0.5,0.025,0.975,0.369,0.096,1.159,12.289
325,C-SiC,MgO,80.0,32.0,3.0,13.0,4.642857142857143e-06,330.2226,2.8019399999999997,12.006,60.0,1.6271627705158106e-05,0.01,0.25,0.025,0.95,0.013,0.0,0.053,0.0
326,C-SiC,MgO,80.0,32.0,3.0,13.0,4.642857142857143e-06,330.2226,2.8019399999999997,12.006,60.0,1.6271627705158106e-05,0.01,0.5,0.025,0.95,0.013,0.0,0.041,0.0
327,C-SiC,MgO,80.0,32.0,3.0,13.0,4.642857142857143e-06,330.2226,2.8019399999999997,12.006,60.0,1.6271627705158106e-05,0.01,0.25,0.025,0.975,0.011,0.0,0.038,0.0
328,C-SiC,MgO,80.0,32.0,3.0,13.0,4.642857142857143e-06,330.2226,2.8019399999999997,12.006,60.0,1.6271627705158106e-05,0.01,0.5,0.025,0.975,0.014,0.0,0.06,0.0
329,C-SiC,BeO,80.0,32.0,3.0,13.0,4.642857142857143e-06,399.85200000000003,3.999632,7.704000000000001,264.53700000000003,8.237739357325106e-05,0.01,0.25,0.025,0.95,0.151,0.03,1.876,0.099
330,C-SiC,BeO,80.0,32.0,3.0,13.0,4.642857142857143e-06,399.85200000000003,3.999632,7.704000000000001,264.53700000000003,8.237739357325106e-05,0.01,0.5,0.025,0.95,0.137,0.032,1.51,0.124
331,C-SiC,BeO,80.0,32.0,3.0,13.0,4.642857142857143e-06,399.85200000000003,3.999632,7.704000000000001,264.53700000000003,8.237739357325106e-05,0.01,0.25,0.025,0.975,0.128,0.028,1.81,0.101
332,C-SiC,BeO,80.0,32.0,3.0,13.0,4.642857142857143e-06,399.85200000000003,3.999632,7.704000000000001,264.53700000000003,8.237739357325106e-05,0.01,0.5,0.025,0.975,0.118,0.025,1.499,0.108
333,C-SiC,Ox-Ox,80.0,32.0,3.0,13.0,4.642857142857143e-06,146.15279999999998,3.0,1.9440000000000002,3.6309000000000005,4.3977028122333875e-07,0.01,0.25,0.025,0.95,1.947,0.759,32.147,0.839
334,C-SiC,Ox-Ox,80.0,32.0,3.0,13.0,4.642857142857143e-06,146.15279999999998,3.0,1.9440000000000002,3.6309000000000005,4.3977028122333875e-07,0.01,0.5,0.025,0.95,1.909,0.817,20.827,1.058
335,C-SiC,Ox-Ox,80.0,32.0,3.0,13.0,4.642857142857143e-06,146.15279999999998,3.0,1.9440000000000002,3.6309000000000005,4.3977028122333875e-07,0.01,0.25,0.025,0.975,1.91,0.814,22.534,1.361
336,C-SiC,Ox-Ox,80.0,32.0,3.0,13.0,4.642857142857143e-06,146.15279999999998,3.0,1.9440000000000002,3.6309000000000005,4.3977028122333875e-07,0.01,0.5,0.025,0.975,2.006,0.754,28.455,1.123
